{"rootNode":{"nodeType":-1,"assetId":"root","id":"8DB82FE8-732A-4B86-9558-C1E1CD731966","children":[{"transform":{"position":[-3.757417,0.9920718,2.3043685],"scale":[1,1,1]},"material":{"shininess":32,"shader":"pbr","baseColor":[0.5,0.5,0.5,1],"specular":[1,1,1,1],"roughness":0.5},"nodeType":0,"id":"1EC4EA0D-2865-4198-9B5E-190289598B0F","children":[],"assetId":"ae178cab2b9bd580c2dffbd47f491425dd51e5972e8e3280ea1d37179d465806"},{"material":{"baseColor":[0.5,0.5,0.5,1],"specular":[1,1,1,1],"shininess":32,"shader":"pbr","roughness":0.5},"lightData":{"color":[1,1,1],"radius":10},"nodeType":2,"id":"2CAA75F6-743D-4B78-8E13-22FDC936B961","children":[],"transform":{"position":[0,1.6375706,1.8636444],"scale":[1,1,1]}},{"transform":{"scale":[15.0656,1,12.823405],"position":[0,0,-0.03637918]},"material":{"shader":"pbr","specular":[1,1,1,1],"roughness":0.5,"shininess":32,"baseColor":[0.5,0.5,0.5,1]},"nodeType":0,"id":"69957C1A-34F7-4233-A375-3EB43F856636","children":[],"assetId":"c650bb22aa200447e44624528a2b9f6bb5a8ca9980624a799881b76f733b3aa7"},{"nodeType":0,"id":"B909D38B-824C-43E1-8E3B-400B4DEF0181","material":{"roughness":0.5,"shader":"pbr","baseColor":[0.5,0.5,0.5,1],"specular":[1,1,1,1],"shininess":32},"assetId":"9d931d486086b2f5b6f6f41a5114624314f5c8503189fb2a23a3d41fa929484f","children":[],"transform":{"position":[0.4889688,1.0096345,-0.45452204],"scale":[1,1,1]}}],"transform":{"position":[0,0,0],"scale":[1,1,1]},"material":{"specular":[1,1,1,1],"roughness":0.5,"shininess":32,"shader":"pbr","baseColor":[0.5,0.5,0.5,1]}}}