{"rootNode":{"children":[{"transform":{"scale":[1,1,1],"position":[0,2.4172702,0]},"children":[],"nodeType":0,"id":"A5069381-FEAF-4191-B1B6-9069FDD2CE4B","assetId":"e3dd97f8f84d2a54a95aac60bde6e2274cf39fe3073c15fd8c309dc1aa73d978"},{"lightData":{"radius":10,"color":[1,1,1]},"children":[],"nodeType":2,"id":"32518651-3F22-4024-9239-19A6090B3E01","transform":{"scale":[1,1,1],"position":[2.6946821,1,-0.39156356]}},{"transform":{"scale":[7.681452,1,7.875975],"position":[0,0,0]},"children":[],"nodeType":0,"id":"0D0044EB-11F7-4A66-95D6-2C8BD6E24CD7","assetId":"c650bb22aa200447e44624528a2b9f6bb5a8ca9980624a799881b76f733b3aa7"}],"id":"E746668A-A378-4042-833C-FDF1852C7747","assetId":"root","nodeType":-1,"transform":{"position":[0,0,0],"scale":[1,1,1]}}}