{"rootNode":{"transform":{"position":[0,0,0],"scale":[1,1,1]},"id":"8DB82FE8-732A-4B86-9558-C1E1CD731966","children":[{"id":"1EC4EA0D-2865-4198-9B5E-190289598B0F","children":[],"nodeType":0,"transform":{"position":[0,-0.35751313,3.0742865],"scale":[1,1,1]},"assetId":"ae178cab2b9bd580c2dffbd47f491425dd51e5972e8e3280ea1d37179d465806","material":{"roughness":0.5,"shader":"pbr","baseColor":[0.3043478,0.097038426,0.097038426,1],"specular":[1,1,1,1]}},{"id":"2CAA75F6-743D-4B78-8E13-22FDC936B961","children":[],"nodeType":2,"transform":{"position":[0,1.6375706,2.029932],"scale":[1,1,1]},"material":{"roughness":0.417,"shader":"pbr","baseColor":[0.98550725,0,0,1],"specular":[1,1,1,1]},"lightData":{"radius":10,"color":[1,1,1]}}],"assetId":"root","nodeType":-1,"material":{"roughness":0.5,"baseColor":[0.5,0.5,0.5,1],"specular":[1,1,1,1],"shader":"pbr"}}}