{"rootNode":{"material":{"roughness":0.5,"shininess":32,"shader":"pbr","specular":[1,1,1,1],"baseColor":[0.5,0.5,0.5,1]},"nodeType":-1,"children":[{"id":"1EC4EA0D-2865-4198-9B5E-190289598B0F","nodeType":0,"transform":{"scale":[1,1,1],"position":[-3.757417,0.9920718,2.3043685]},"material":{"specular":[1,1,1,1],"shininess":32,"roughness":0.5,"shader":"pbr","baseColor":[0.5,0.5,0.5,1]},"assetId":"ae178cab2b9bd580c2dffbd47f491425dd51e5972e8e3280ea1d37179d465806","children":[]},{"id":"2CAA75F6-743D-4B78-8E13-22FDC936B961","nodeType":2,"transform":{"scale":[1,1,1],"position":[0,1.6375706,1.8636444]},"material":{"specular":[1,1,1,1],"shininess":32,"roughness":0.5,"shader":"pbr","baseColor":[0.5,0.5,0.5,1]},"children":[],"lightData":{"radius":10,"color":[1,1,1]}},{"id":"69957C1A-34F7-4233-A375-3EB43F856636","nodeType":0,"transform":{"scale":[15.0656,1,12.823405],"position":[0,0,-0.03637918]},"material":{"specular":[1,1,1,1],"shininess":32,"roughness":0.5,"shader":"pbr","baseColor":[0.5,0.5,0.5,1]},"assetId":"c650bb22aa200447e44624528a2b9f6bb5a8ca9980624a799881b76f733b3aa7","children":[]}],"id":"8DB82FE8-732A-4B86-9558-C1E1CD731966","assetId":"root","transform":{"scale":[1,1,1],"position":[0,0,0]}}}